ticker,alpha,ADV,optimal_AUM,trades_count
HEAD,5.6584478973533306e-05,102254608986.17647,289301188.60625863,1241
GAZP,2.4522233771874708e-05,200244912393.20624,245522627.66673872,4346
SNGSP,3.913610522055942e-05,67627906884.14062,132334643.9831961,4369
NVTK,2.5681447592548075e-05,97205786407.4,124819265.46570325,4314
YDEX,1.7054742074949825e-05,129842239396.51562,110721295.16707315,4380
AFKS,2.8302889152941587e-05,47065305305.84063,66604205.951028034,4351
LKOH,5.71485739642742e-06,184061314167.95312,52594208.1334439,4424
AMNY,3.088438538478524e-05,32120340377.923637,49600848.546113595,982
VTBR,1.126687444566593e-05,83920526386.18063,47276101.7103646,4390
IRKT,3.655949118459257e-05,25077524375.46875,45841076.56681775,4149
RNFT,3.639138495784582e-05,23400909351.415627,42579575.028551005,4306
SNGS,1.6439024036473153e-05,48908802680.921875,40200649.143339865,4357
FLOT,3.960253554996451e-05,20168119761.221863,39935433.990986526,4361
SOFL,5.3727548308989e-05,14595867605.756218,39210009.09499374,4301
UNAC,4.619286077400832e-05,15664878431.390625,36180277.42114965,4245
DATA,0.00012382519901913135,5341572858.889231,33071066.11635747,895
PLZL,8.034874447998225e-06,73283009121.60938,29440988.873182,4376
SVAV,5.350046061455818e-05,10781373272.984375,28840421.80810754,4266
PIKK,3.576488667368937e-05,14387926360.596876,25729127.78780676,4308
VKCO,1.8475473927131062e-05,27001833057.918747,24943583.13231617,4335
SELG,4.329681113518882e-05,11133975189.690624,24103281.048595656,4324
UWGN,1.1758477005298713e-05,40901230945.47187,24046809.178037155,4285
BSPB,1.754010442766261e-05,26675799262.065624,23394815.237399813,4376
AFLT,8.992189021731762e-06,51038364398.721924,22947331.001666624,4408
POSI,1.8978384495178806e-05,22408365621.625,21263728.933787283,4444
SFIN,2.4441259338505107e-05,16489029833.0875,20150632.71954196,4284
WUSH,3.325149734270492e-05,10517442410.453753,17486035.41816275,4291
ASTR,1.613230031159797e-05,21364736181.66252,17233117.008032136,4378
ALRS,6.263884846639032e-06,49207313263.08753,15411447.19462369,4423
QIWI,3.516353613980505e-05,8653352036.16875,15214122.852713775,3954
RTKMP,2.2275640809144537e-05,13185035063.328125,14685255.256333679,4297
SBCN,5.148130575981439e-05,5343652055.719086,13754909.267726747,2576
TRNFP,3.930438281490659e-06,68638597353.328125,13488988.531267215,4343
SIBN,4.809517712038798e-06,49103716301.76717,11808259.664013874,4418
TRMK,9.43791362395279e-06,24994020488.393764,11794570.324238334,4305
PRMD,8.308047724972493e-05,2833628900.1351347,11770962.068592006,2686
AKRN,8.854736566384559e-05,2641031526.9473686,11692819.217317656,2073
NMTP,1.6080647504630007e-05,11390930390.171875,9158676.817706574,4305
RUAL,8.870417764625622e-06,20416357705.734375,9055081.10409487,4376
LEAS,1.783995473756797e-05,9701900771.925,8654073.531975886,4383
RTKM,1.0472736545776966e-05,16365271177.862497,8569458.677297551,4400
SBRB,1.898284487229016e-05,8951336723.49747,8496091.82108933,2567
HNFG,5.023869403936294e-05,3228333452.147368,8109362.827973599,2831
BLNG,9.158942412426133e-05,1757908272.7567568,8050290.318253313,2604
ZAYM,5.7970022176479697e-05,2706366796.03125,7844407.159180993,3894
GMKN,2.6701014776779358e-06,57270511735.37501,7645903.900599819,4338
MOEX,3.7941187092370166e-06,39958035750.93127,7580276.551348494,4388
AKMM,3.486594903810535e-07,415046791071.4435,7235500.132963054,4728
SBBY,2.615136145176023e-05,5494493874.532471,7184424.765369059,2415
GEMC,7.941273768264726e-05,1759776055.118421,6987431.712266149,2794
FESH,7.675962907908048e-06,17913835751.04375,6875296.9381684465,4417
NKHP,7.962544002704416e-05,1694639093.5526316,6746819.175557977,2410
GECO,8.401457570541883e-05,1554307210.3216217,6529223.039552211,2595
PHOR,7.495894248042821e-06,17193730324.5,6444119.212090949,4340
PMSB,0.00017600876354546206,685376647.1081082,6031614.81102163,2037
MBNK,2.4929529627996666e-05,4722849843.026316,5886921.254515196,2836
PMSBP,0.00015347179984000846,744901707.0,5716070.283859231,1947
LIFE,6.987762801100653e-05,1621377865.2105262,5664901.966523051,2724
CNTL,0.00018183627058574603,596602213.1891892,5424196.073476217,1824
VSMO,3.144080291362027e-05,3257262560.625,5120547.510326236,2931
KAZT,0.00013223615863168522,761103326.918919,5032269.013677677,1718
SBRI,1.996757922651472e-05,4772448275.6281185,4764711.952402401,2063
APTK,2.2244042255087598e-05,4253285255.336757,4730512.847132593,2820
MGTSP,0.0001197094583873651,770419286.4736842,4611323.77574725,2019
DIAS,2.8862788833972355e-05,3166228942.1578946,4569309.867875748,2785
BSPBP,7.918986229014936e-05,1123091453.9189188,4446872.87875414,1943
MGKL,4.203779642703215e-05,2060571504.3078125,4331094.271071761,3911
ENPG,1.3590936405556594e-05,6334008929.367193,4304255.627562856,4247
VRSB,0.00019933910130761625,421063564.5833333,4196721.627871155,1701
PRFN,8.958836244114922e-05,927289396.136842,4153716.92544709,2585
CARM,1.2716788215519778e-05,6423564378.409375,4084355.3894494483,4074
LNZL,0.00013762961761923872,586106060.2631578,4033277.6479168446,1713
RKKE,0.0001834387545003761,434254195.5263158,3982952.438195508,1360
KLVZ,0.00017525904340360174,443713983.9405405,3888244.418511011,2187
IVAT,4.84521577298067e-05,1593057276.15,3859353.1208318016,2763
KRKNP,0.00012537205343063321,559647400.0,3508207.186755748,1332
ROST,0.0010230037045970213,67696170.11764705,3462671.640869155,544
LPSB,0.00012227547822341405,564041055.2702702,3448419.4885405703,1569
MDMG,8.152088359681413e-06,8388535478.702614,3419204.1215353063,2822
LNZLP,8.493202535656909e-05,800080230.2702702,3397621.720230211,2155
INGR,0.0007427831566854345,89240079.26470588,3314301.388954831,346
ROLO,3.453300484707879e-05,1861923997.9157896,3214891.522245914,2755
CHGZ,0.00020498799406223913,311705765.82857144,3194796.9837416452,1349
VLHZ,0.0005228524614572837,118467061.23529412,3097039.7284242143,824
DVEC,0.00012715628817151217,477439148.2777778,3035469.496138522,1840
CNTLP,0.00016482233295917476,331749603.54285717,2733987.180710751,1729
BELU,6.097228991866316e-06,8523117719.0,2598370.0228688153,4299
MSTT,3.5106308093426936e-05,1397634524.0675676,2453289.4101963076,2397
KZOSP,5.1368660573952404e-05,939849463.3111111,2413940.40357199,2487
INGO,4.5695320125145355e-05,1037240622.6078125,2369852.1148434537,2287
MSRS,2.4437263251150845e-05,1931831257.1891892,2360433.4494366953,2550
AKMB,2.475634683734237e-05,1867519389.07545,2311647.8860706785,4192
ZVEZ,0.0006455826884357142,68685274.57142857,2217101.2106884024,579
NSVZ,8.877252752753684e-05,499486753.0263158,2217035.0766334306,2154
AVAN,5.216851227254788e-05,845206836.3333334,2204659.1607048432,1994
ELMT,4.8469416139962306e-05,881899775.0731579,2137258.3595880023,2785
KZOS,4.626511688389668e-05,909490602.1891892,2103884.450754421,2405
LVHK,0.00034862125405696147,113962598.75,1986489.2045907653,799
MRSB,0.0005695606612585773,67299628.78787878,1916561.0537440511,408
UKUZ,0.000922043686869069,41112005.03030303,1895353.234636016,504
SVET,7.065299383799899e-05,536103208.2328948,1893864.8333905102,2641
KUZB,0.0003350358265945029,104574300.2,1751806.8554024342,1300
BRZL,7.213831110463644e-05,466487256.85714287,1682580.1430754513,1653
BCSB,4.384342174022159e-05,762643926.1675625,1671845.964629143,1601
YKEN,0.0003756203167547905,88698612.05882353,1665850.0378622785,669
TTLK,5.34686334017193e-05,606311594.7297298,1620932.6192907863,2284
KROTP,0.000422683912544145,71596713.78378378,1513138.955371652,688
DZRD,0.00038536692209322843,78205208.57142857,1506885.0259415195,870
MAGEP,0.0003160249430246994,94656257.42424242,1495686.9179713745,897
RUSI,0.0002596746432638509,112536099.8611111,1461138.5792869565,1349
OKEY,4.984098650119442e-05,570128675.2675675,1420788.7803977344,2538
RTSB,0.0003218299436482725,87191786.81818181,1403046.391914382,928
OMZZP,0.0006049764537876485,44441818.23529412,1344312.6797931744,489
WTCMP,0.00027284035957598216,97400357.54285714,1328737.4287411184,1085
ASSB,0.0003061951196721211,86576755.57142857,1325469.0016508773,877
VJGZP,0.0002808025622207206,93774902.64705883,1316611.6467646377,702
STSB,0.0004942995093440148,52514362.428571425,1297891.179097831,599
NAUK,0.00031007396966754213,83012007.14285715,1286993.129242804,877
KCHE,0.0003720592577746199,68477858.05555555,1273891.0521072887,711
SAGO,0.00037797393917986054,66027566.176470585,1247834.9641089754,667
DIOD,0.00018619431603697766,131521052.11428571,1224423.617144156,1269
KROT,4.093130642068945e-05,590039804.7368422,1207555.002404373,1712
KRSBP,0.00038552851989739705,60735888.24242424,1170770.854937777,690
KOGK,0.0016705605896379346,13958100.0,1165892.588311263,90
UNKL,5.499698258333906e-05,421476726.7567568,1158997.4100362055,1703
RZSB,0.00015000502469864922,151527789.1111111,1136496.4874071965,973
KLSB,5.487943509308305e-05,404189392.44736844,1109084.2764064015,1831
MAGE,0.0002667532019293165,82662406.22222222,1102523.0769479817,962
HIMCP,0.00016024568575000783,136131382.68421054,1090723.3385164028,1283
SLEN,0.00010086943358360397,214596645.31428573,1082312.103089678,1095
IRAO,9.297855770434435e-07,23180737078.20782,1077655.7500276903,4445
MISB,0.0006085064152178127,34254258.18181818,1042196.7926081804,438
APRI,0.00011988611569712739,171127997.056875,1025793.5427089094,1008
URKZ,0.0025717049284511443,7892220.833333333,1014823.1606754065,39
TASBP,0.0008842326521956035,22837171.25,1009668.6251516343,228
RTGZ,0.0009823943222188728,20310896.774193548,997665.483507068,188
RTSBP,0.00012177945893093022,163613869.1891892,996240.4231727727,1293
USBN,8.971431750765198e-05,220091618.83333334,987268.4686393391,1399
GEMA,3.677315767650902e-05,517353566.3235294,951236.2134459707,1722
RGSS,7.185622862478647e-05,263765253.6756757,947658.8185697077,1788
NNSB,0.0007843373326616912,23431602.8125,918914.0424972216,268
IGSTP,0.00046406268753324155,37887958.571428575,879119.393990263,601
CHKZ,0.00033188153551252534,52287450.0,867661.9597017197,349
LENT,6.254479252245907e-06,2711244199.256757,847871.0296011727,2834
SUGB,0.0005127121220274633,31404026.64285714,805061.257013314,75
CHMK,7.728912624327782e-05,202534736.2162162,782686.6398032054,1395
STSBP,0.0001254085382731685,120055852.35294117,752801.4477360845,750
VRSBP,0.00037422303141796054,39513014.222222224,739333.9981350495,717
RBCM,5.994554980446122e-06,2311787401.4473686,692906.8340539461,2590
NKNC,3.042783570003073e-05,441624731.3684211,671884.2383574262,2155
RDRB,0.00018966124028827442,66981403.03030303,635188.7987488027,735
KGKCP,0.0004618619296492159,25575786.96969697,590624.1161060757,495
MISBP,0.0002565181855367554,45423120.625,582592.8242071085,389
YKENP,0.00031302527990138,36321934.11764706,568484.1796867977,403
NNSBP,0.0009482428618082084,11123284.8,527378.7705729873,226
KGKC,0.00027326578315654327,37362203.6875,510490.5925559488,491
ABRD,9.477772639601568e-06,1056223755.4594594,500532.4305395441,2450
JNOSP,0.00025281522575309134,39282976.342857145,496566.7266186388,399
PAZA,0.000517994577261165,19093592.94117647,494518.88019807346,296
SARE,0.0002847255441205976,34436715.15151515,490250.6229620589,560
NKNCP,6.756307916563148e-06,1426603306.031579,481928.5605168158,2528
JNOS,0.00040141438912777563,22886677.5,459352.08339134534,380
KRSB,0.00014934925393670726,56638626.78787879,422946.83273846493,729
KRKN,0.0016349362434421096,5091036.666666667,416176.018151302,112
DZRDP,9.323345712639282e-05,86830131.14285715,404773.6654593319,682
YRSBP,0.0005190464090802599,15424671.0,400306.00468972104,323
GROD,0.00020696596089957387,38248948.375,395811.51769150345,537
MFGSP,0.0003062845733216566,24995478.23529412,382786.46931339067,356
TNSE,0.0001950701181223113,38789453.71428572,378333.1658972821,691
VJGZ,0.0001982290423301053,34983006.61764706,346732.39498219563,493
VGSBP,0.0004232313665867195,15653422.352941176,331250.96670971985,189
NKSH,2.9690337190454037e-05,205546165.85714287,305136.7486251781,984
MGTS,0.00020268752806363726,30043739.0625,304474.5602183532,484
MFGS,0.00020299195897824764,29769741.666666668,302150.9089596515,284
KCHEP,0.0002613551346998389,20334575.714285713,265727.2887435607,314
TORS,0.0005466308070922448,9134665.625,249664.48215557676,172
TORSP,0.00011892232517015931,38510379.705882356,228987.1948904623,329
IGST,0.00011569328687370217,37237222.42424242,215404.83281538668,476
MSNG,8.535302364965714e-07,4390362127.6875,187365.34125753512,4117
KRKOP,0.0001428755524208025,25442923.3125,181758.58617367758,341
VGSB,0.00012117558014237043,25525645.0,154654.24206915984,282
ETLN,1.771404846165082e-06,1703356483.1210525,150866.69644736714,2860
PRMB,0.0002275705953867684,11273787.096774194,128279.12209382853,126
AMRH,6.91393591009772e-05,30934553.371875,106939.75971032052,211
ARSA,1.7336499399800625e-05,120840456.29411764,104747.52490073022,912
GAZA,4.832976354118261e-05,39882776.25,96376.25727641968,437
SVETP,8.764541162443351e-06,182113138.45405406,79806.9049101151,2348
BISVP,4.81360174734252e-05,32747760.0625,78817.3375292018,732
KAZTP,7.819047899056951e-06,158429948.75,61938.5678960694,1243
ESGR,5.726332873925631e-06,160646418.375,45995.74333095865,176
NFAZ,4.772433989588592e-06,185354884.2857143,44229.69749507016,897
SAREP,1.2709120193569507e-05,33993707.72727273,21601.50586654908,379
YRSB,7.9019136684302e-06,8383356.363636363,3312.2279118569736,178
GAZAP,4.206951701326653e-06,14431591.06060606,3035.650328263359,356
